INSERT INTO AREA (AREA_NUM, AREA_NAME) VALUES ('AREA_NUM 01', 'AREA_NAME 01');
INSERT INTO AREA (AREA_NUM, AREA_NAME) VALUES ('AREA_NUM 02', 'AREA_NAME 02');
INSERT INTO AREA (AREA_NUM, AREA_NAME) VALUES ('AREA_NUM 03', 'AREA_NAME 03');
INSERT INTO AREA (AREA_NUM, AREA_NAME) VALUES ('AREA_NUM 04', 'AREA_NAME 04');
INSERT INTO AREA (AREA_NUM, AREA_NAME) VALUES ('AREA_NUM 05', 'AREA_NAME 05');
INSERT INTO AREA (AREA_NUM, AREA_NAME) VALUES ('AREA_NUM 06', 'AREA_NAME 06');
INSERT INTO AREA (AREA_NUM, AREA_NAME) VALUES ('AREA_NUM 07', 'AREA_NAME 07');
INSERT INTO AREA (AREA_NUM, AREA_NAME) VALUES ('AREA_NUM 08', 'AREA_NAME 08');
INSERT INTO AREA (AREA_NUM, AREA_NAME) VALUES ('AREA_NUM 09', 'AREA_NAME 09');
INSERT INTO AREA (AREA_NUM, AREA_NAME) VALUES ('AREA_NUM 10', 'AREA_NAME 10');

INSERT INTO INTEREST_CATEGORY (NUM, NAME) VALUES (01, 'NAME 01');
INSERT INTO INTEREST_CATEGORY (NUM, NAME) VALUES (02, 'NAME 02');
INSERT INTO INTEREST_CATEGORY (NUM, NAME) VALUES (03, 'NAME 03');
INSERT INTO INTEREST_CATEGORY (NUM, NAME) VALUES (04, 'NAME 04');
INSERT INTO INTEREST_CATEGORY (NUM, NAME) VALUES (05, 'NAME 05');
INSERT INTO INTEREST_CATEGORY (NUM, NAME) VALUES (06, 'NAME 06');
INSERT INTO INTEREST_CATEGORY (NUM, NAME) VALUES (07, 'NAME 07');
INSERT INTO INTEREST_CATEGORY (NUM, NAME) VALUES (08, 'NAME 08');
INSERT INTO INTEREST_CATEGORY (NUM, NAME) VALUES (09, 'NAME 09');
INSERT INTO INTEREST_CATEGORY (NUM, NAME) VALUES (10, 'NAME 10');

INSERT INTO MEMBER_INTEREST (ID, NAME) VALUES ('ID 01', 'NAME 01');
INSERT INTO MEMBER_INTEREST (ID, NAME) VALUES ('ID 02', 'NAME 02');
INSERT INTO MEMBER_INTEREST (ID, NAME) VALUES ('ID 03', 'NAME 03');
INSERT INTO MEMBER_INTEREST (ID, NAME) VALUES ('ID 04', 'NAME 04');
INSERT INTO MEMBER_INTEREST (ID, NAME) VALUES ('ID 05', 'NAME 05');
INSERT INTO MEMBER_INTEREST (ID, NAME) VALUES ('ID 06', 'NAME 06');
INSERT INTO MEMBER_INTEREST (ID, NAME) VALUES ('ID 07', 'NAME 07');
INSERT INTO MEMBER_INTEREST (ID, NAME) VALUES ('ID 08', 'NAME 08');
INSERT INTO MEMBER_INTEREST (ID, NAME) VALUES ('ID 09', 'NAME 09');
INSERT INTO MEMBER_INTEREST (ID, NAME) VALUES ('ID 10', 'NAME 10');

INSERT INTO FAQ (TITLE, CONTENT) VALUES ('TITLE 01', 'CONTENT 01');
INSERT INTO FAQ (TITLE, CONTENT) VALUES ('TITLE 02', 'CONTENT 02');
INSERT INTO FAQ (TITLE, CONTENT) VALUES ('TITLE 03', 'CONTENT 03');
INSERT INTO FAQ (TITLE, CONTENT) VALUES ('TITLE 04', 'CONTENT 04');
INSERT INTO FAQ (TITLE, CONTENT) VALUES ('TITLE 05', 'CONTENT 05');
INSERT INTO FAQ (TITLE, CONTENT) VALUES ('TITLE 06', 'CONTENT 06');
INSERT INTO FAQ (TITLE, CONTENT) VALUES ('TITLE 07', 'CONTENT 07');
INSERT INTO FAQ (TITLE, CONTENT) VALUES ('TITLE 08', 'CONTENT 08');
INSERT INTO FAQ (TITLE, CONTENT) VALUES ('TITLE 09', 'CONTENT 09');
INSERT INTO FAQ (TITLE, CONTENT) VALUES ('TITLE 10', 'CONTENT 10');

INSERT INTO CLUB (CLUB_NAME, INTRO, AREA_NAME, CONTENT, ID, CLUB_NUM, INTEREST, RECOMMEND) VALUES ('백종원 제자들', '요리를 사랑하는 사람들의 모임', '서울특별시', '요리', 'pjm93', 01, '요리', 541);
INSERT INTO CLUB (CLUB_NAME, INTRO, AREA_NAME, CONTENT, ID, CLUB_NUM, INTEREST, RECOMMEND) VALUES ('도시맘들', '광교맘,판교맘 모든 도시 맘들', '경기도', '친목', 'dal39', 02, '친목', 1003);
INSERT INTO CLUB (CLUB_NAME, INTRO, AREA_NAME, CONTENT, ID, CLUB_NUM, INTEREST, RECOMMEND) VALUES ('교양을 먹고 살다', '음악,미술,문학,역사,종교 교양 공유', '경상도', '교양', '134eageng', 03, '교양', 59);
INSERT INTO CLUB (CLUB_NAME, INTRO, AREA_NAME, CONTENT, ID, CLUB_NUM, INTEREST, RECOMMEND) VALUES ('정치 토론회 클래스', '논리에 기반한 정치 토론회', '부산광역시', '정치', 'beachsolo', 04, '정치', 202);
INSERT INTO CLUB (CLUB_NAME, INTRO, AREA_NAME, CONTENT, ID, CLUB_NUM, INTEREST, RECOMMEND) VALUES ('노력하는 춤꾼들', '춤추고 배우는 모임', '전라도', '문화', 'sokd22', 05, '문화', 102);
INSERT INTO CLUB (CLUB_NAME, INTRO, AREA_NAME, CONTENT, ID, CLUB_NUM, INTEREST, RECOMMEND) VALUES ('산을 타는 사람들', '등산 모임', '충청도', '운동', 'vivi292', 06, '운동', 77);
INSERT INTO CLUB (CLUB_NAME, INTRO, AREA_NAME, CONTENT, ID, CLUB_NUM, INTEREST, RECOMMEND) VALUES ('시네마 천국', '영화 동반 관람', '충청도', '문화', '11lalasweet', 07, '문화', 788);
INSERT INTO CLUB (CLUB_NAME, INTRO, AREA_NAME, CONTENT, ID, CLUB_NUM, INTEREST, RECOMMEND) VALUES ('슈퍼카스', '슈퍼카 동호회', '서울특별시', '친목', 'goback', 08, '친목', 13);
INSERT INTO CLUB (CLUB_NAME, INTRO, AREA_NAME, CONTENT, ID, CLUB_NUM, INTEREST, RECOMMEND) VALUES ('아쿠아리움', '물고기 키우는 사람들', '경기도', '친목', 'gangg20', 09, '친목', 27);
INSERT INTO CLUB (CLUB_NAME, INTRO, AREA_NAME, CONTENT, ID, CLUB_NUM, INTEREST, RECOMMEND) VALUES ('고양이 집사 모임', '애묘인의 모임', '경상도', '친목', 'pjm339', 10, '친목', 343);
INSERT INTO CLUB (CLUB_NAME, INTRO, AREA_NAME, CONTENT, ID, CLUB_NUM, INTEREST, RECOMMEND) VALUES ('밀덕스', '밀리터리 애호가 모임', '강원도', '문화', 'pipi334', 11, '문화', 91);
INSERT INTO CLUB (CLUB_NAME, INTRO, AREA_NAME, CONTENT, ID, CLUB_NUM, INTEREST, RECOMMEND) VALUES ('이터널 메호대전', '축구를 사랑하는 모임', '강원도', '운동', 'choboda40', 12, '운동', 741);

INSERT INTO MEMBER (ID, AREA_NAME, TEL, PASSWORD, NAME) VALUES ('ID 01', 'AREA_NAME 01', 'TEL 01', 'PASSWORD 01', 'NAME 01');
INSERT INTO MEMBER (ID, AREA_NAME, TEL, PASSWORD, NAME) VALUES ('ID 02', 'AREA_NAME 02', 'TEL 02', 'PASSWORD 02', 'NAME 02');
INSERT INTO MEMBER (ID, AREA_NAME, TEL, PASSWORD, NAME) VALUES ('ID 03', 'AREA_NAME 03', 'TEL 03', 'PASSWORD 03', 'NAME 03');
INSERT INTO MEMBER (ID, AREA_NAME, TEL, PASSWORD, NAME) VALUES ('ID 04', 'AREA_NAME 04', 'TEL 04', 'PASSWORD 04', 'NAME 04');
INSERT INTO MEMBER (ID, AREA_NAME, TEL, PASSWORD, NAME) VALUES ('ID 05', 'AREA_NAME 05', 'TEL 05', 'PASSWORD 05', 'NAME 05');
INSERT INTO MEMBER (ID, AREA_NAME, TEL, PASSWORD, NAME) VALUES ('ID 06', 'AREA_NAME 06', 'TEL 06', 'PASSWORD 06', 'NAME 06');
INSERT INTO MEMBER (ID, AREA_NAME, TEL, PASSWORD, NAME) VALUES ('ID 07', 'AREA_NAME 07', 'TEL 07', 'PASSWORD 07', 'NAME 07');
INSERT INTO MEMBER (ID, AREA_NAME, TEL, PASSWORD, NAME) VALUES ('ID 08', 'AREA_NAME 08', 'TEL 08', 'PASSWORD 08', 'NAME 08');
INSERT INTO MEMBER (ID, AREA_NAME, TEL, PASSWORD, NAME) VALUES ('ID 09', 'AREA_NAME 09', 'TEL 09', 'PASSWORD 09', 'NAME 09');
INSERT INTO MEMBER (ID, AREA_NAME, TEL, PASSWORD, NAME) VALUES ('ID 10', 'AREA_NAME 10', 'TEL 10', 'PASSWORD 10', 'NAME 10');

INSERT INTO BOARD (CATEGORY, TIME, TITLE, CONTENT, ID, RECOMMEND) VALUES ('free', NOW(), 'TITLE 01', 'CONTENT 01', 'ID 01', 0);
INSERT INTO BOARD (CATEGORY, TIME, TITLE, CONTENT, ID, RECOMMEND) VALUES ('free', NOW(), 'TITLE 02', 'CONTENT 02', 'ID 02', 0);
INSERT INTO BOARD (CATEGORY, TIME, TITLE, CONTENT, ID, RECOMMEND) VALUES ('free', NOW(), 'TITLE 03', 'CONTENT 03', 'ID 03', 0);
INSERT INTO BOARD (CATEGORY, TIME, TITLE, CONTENT, ID, RECOMMEND) VALUES ('qna', NOW(), 'TITLE 04', 'CONTENT 04', 'ID 04', 0);
INSERT INTO BOARD (CATEGORY, TIME, TITLE, CONTENT, ID, RECOMMEND) VALUES ('qna', NOW(), 'TITLE 05', 'CONTENT 05', 'ID 05', 0);
INSERT INTO BOARD (CATEGORY, TIME, TITLE, CONTENT, ID, RECOMMEND) VALUES ('event', NOW(), 'TITLE 06', 'CONTENT 06', 'ID 06', 0);
INSERT INTO BOARD (CATEGORY, TIME, TITLE, CONTENT, ID, RECOMMEND) VALUES ('event', NOW(), 'TITLE 07', 'CONTENT 07', 'ID 07', 0);
INSERT INTO BOARD (CATEGORY, TIME, TITLE, CONTENT, ID, RECOMMEND) VALUES ('notice', NOW(), 'TITLE 08', 'CONTENT 08', 'ID 08', 0);
INSERT INTO BOARD (CATEGORY, TIME, TITLE, CONTENT, ID, RECOMMEND) VALUES ('notice', NOW(), 'TITLE 09', 'CONTENT 09', 'ID 09', 0);
INSERT INTO BOARD (CATEGORY, TIME, TITLE, CONTENT, ID, RECOMMEND) VALUES ('notice', NOW(), 'TITLE 10', 'CONTENT 10', 'ID 10', 0);

INSERT INTO CLUB_MEMBER (CLUB_NUM, ID) VALUES (01, 'ID 01');
INSERT INTO CLUB_MEMBER (CLUB_NUM, ID) VALUES (02, 'ID 02');
INSERT INTO CLUB_MEMBER (CLUB_NUM, ID) VALUES (03, 'ID 03');
INSERT INTO CLUB_MEMBER (CLUB_NUM, ID) VALUES (04, 'ID 04');
INSERT INTO CLUB_MEMBER (CLUB_NUM, ID) VALUES (05, 'ID 05');
INSERT INTO CLUB_MEMBER (CLUB_NUM, ID) VALUES (06, 'ID 06');
INSERT INTO CLUB_MEMBER (CLUB_NUM, ID) VALUES (07, 'ID 07');
INSERT INTO CLUB_MEMBER (CLUB_NUM, ID) VALUES (08, 'ID 08');
INSERT INTO CLUB_MEMBER (CLUB_NUM, ID) VALUES (09, 'ID 09');
INSERT INTO CLUB_MEMBER (CLUB_NUM, ID) VALUES (10, 'ID 10');

INSERT INTO QNA (TIME, TITLE, ID, CONTENT, EMAIL) VALUES (NOW(), 'TITLE 01', 'ID 01', 'CONTENT 01', 'EMAIL 01');
INSERT INTO QNA (TIME, TITLE, ID, CONTENT, EMAIL) VALUES (NOW(), 'TITLE 02', 'ID 02', 'CONTENT 02', 'EMAIL 02');
INSERT INTO QNA (TIME, TITLE, ID, CONTENT, EMAIL) VALUES (NOW(), 'TITLE 03', 'ID 03', 'CONTENT 03', 'EMAIL 03');
INSERT INTO QNA (TIME, TITLE, ID, CONTENT, EMAIL) VALUES (NOW(), 'TITLE 04', 'ID 04', 'CONTENT 04', 'EMAIL 04');
INSERT INTO QNA (TIME, TITLE, ID, CONTENT, EMAIL) VALUES (NOW(), 'TITLE 05', 'ID 05', 'CONTENT 05', 'EMAIL 05');
INSERT INTO QNA (TIME, TITLE, ID, CONTENT, EMAIL) VALUES (NOW(), 'TITLE 06', 'ID 06', 'CONTENT 06', 'EMAIL 06');
INSERT INTO QNA (TIME, TITLE, ID, CONTENT, EMAIL) VALUES (NOW(), 'TITLE 07', 'ID 07', 'CONTENT 07', 'EMAIL 07');
INSERT INTO QNA (TIME, TITLE, ID, CONTENT, EMAIL) VALUES (NOW(), 'TITLE 08', 'ID 08', 'CONTENT 08', 'EMAIL 08');
INSERT INTO QNA (TIME, TITLE, ID, CONTENT, EMAIL) VALUES (NOW(), 'TITLE 09', 'ID 09', 'CONTENT 09', 'EMAIL 09');
INSERT INTO QNA (TIME, TITLE, ID, CONTENT, EMAIL) VALUES (NOW(), 'TITLE 10', 'ID 10', 'CONTENT 10', 'EMAIL 10');

INSERT INTO CATEGORY (NUM, NAME) VALUES (01, 'free');
INSERT INTO CATEGORY (NUM, NAME) VALUES (02, 'qna');
INSERT INTO CATEGORY (NUM, NAME) VALUES (03, 'event');
INSERT INTO CATEGORY (NUM, NAME) VALUES (04, 'notice');