INSERT INTO AREA (AREA_NUM, AREA_NAME) VALUES ('AREA_NUM 01', 'AREA_NAME 01');
INSERT INTO AREA (AREA_NUM, AREA_NAME) VALUES ('AREA_NUM 02', 'AREA_NAME 02');
INSERT INTO AREA (AREA_NUM, AREA_NAME) VALUES ('AREA_NUM 03', 'AREA_NAME 03');
INSERT INTO AREA (AREA_NUM, AREA_NAME) VALUES ('AREA_NUM 04', 'AREA_NAME 04');
INSERT INTO AREA (AREA_NUM, AREA_NAME) VALUES ('AREA_NUM 05', 'AREA_NAME 05');
INSERT INTO AREA (AREA_NUM, AREA_NAME) VALUES ('AREA_NUM 06', 'AREA_NAME 06');
INSERT INTO AREA (AREA_NUM, AREA_NAME) VALUES ('AREA_NUM 07', 'AREA_NAME 07');
INSERT INTO AREA (AREA_NUM, AREA_NAME) VALUES ('AREA_NUM 08', 'AREA_NAME 08');
INSERT INTO AREA (AREA_NUM, AREA_NAME) VALUES ('AREA_NUM 09', 'AREA_NAME 09');
INSERT INTO AREA (AREA_NUM, AREA_NAME) VALUES ('AREA_NUM 10', 'AREA_NAME 10');

INSERT INTO INTEREST_CATEGORY (NUM, NAME) VALUES (01, 'NAME 01');
INSERT INTO INTEREST_CATEGORY (NUM, NAME) VALUES (02, 'NAME 02');
INSERT INTO INTEREST_CATEGORY (NUM, NAME) VALUES (03, 'NAME 03');
INSERT INTO INTEREST_CATEGORY (NUM, NAME) VALUES (04, 'NAME 04');
INSERT INTO INTEREST_CATEGORY (NUM, NAME) VALUES (05, 'NAME 05');
INSERT INTO INTEREST_CATEGORY (NUM, NAME) VALUES (06, 'NAME 06');
INSERT INTO INTEREST_CATEGORY (NUM, NAME) VALUES (07, 'NAME 07');
INSERT INTO INTEREST_CATEGORY (NUM, NAME) VALUES (08, 'NAME 08');
INSERT INTO INTEREST_CATEGORY (NUM, NAME) VALUES (09, 'NAME 09');
INSERT INTO INTEREST_CATEGORY (NUM, NAME) VALUES (10, 'NAME 10');

INSERT INTO MEMBER_INTEREST (ID, NAME) VALUES ('ID 01', 'NAME 01');
INSERT INTO MEMBER_INTEREST (ID, NAME) VALUES ('ID 02', 'NAME 02');
INSERT INTO MEMBER_INTEREST (ID, NAME) VALUES ('ID 03', 'NAME 03');
INSERT INTO MEMBER_INTEREST (ID, NAME) VALUES ('ID 04', 'NAME 04');
INSERT INTO MEMBER_INTEREST (ID, NAME) VALUES ('ID 05', 'NAME 05');
INSERT INTO MEMBER_INTEREST (ID, NAME) VALUES ('ID 06', 'NAME 06');
INSERT INTO MEMBER_INTEREST (ID, NAME) VALUES ('ID 07', 'NAME 07');
INSERT INTO MEMBER_INTEREST (ID, NAME) VALUES ('ID 08', 'NAME 08');
INSERT INTO MEMBER_INTEREST (ID, NAME) VALUES ('ID 09', 'NAME 09');
INSERT INTO MEMBER_INTEREST (ID, NAME) VALUES ('ID 10', 'NAME 10');

INSERT INTO FAQ (TITLE, CONTENT) 
VALUES ('회원가입은 어떻게 하나요?', 
'웹페이지 혹은 스마트폰 등을 통해, 우동 홈페이지와 App에서 모두 손쉽게 가입할 수 있으며 3가지 방법으로 가입이 가능합니다.
[3가지 가입 방법]
- 페이스북 계정이 있는 경우, [페이스북으로 연결하기]를 클릭하시면 손쉽게 회원가입 할 수 있습니다.
- 카카오톡 계정이 있는 경우, [카카오톡으로 연결하기]를 클릭하시면 손쉽게 회원가입 할 수 있습니다.
- 혹은, 이메일 주소와 패스워드만 입력하셔도 가입이 가능합니다.');
INSERT INTO FAQ (TITLE, CONTENT) 
VALUES ('비회원도 우동을 이용할 수 있나요?', 
'프립 신청은 회원 가입을 통해서만 가능합니다. 프립 회원으로 가입하시면 새로운 프립과 이벤트 소식을 받아보실 수 있으며 다양한 혜택을 누리실 수 있습니다.');
INSERT INTO FAQ (TITLE, CONTENT) 
VALUES ('우동은 무엇인가요?', '우동이란 [우리들의 동아리]의 준말입니다. 우동은 사람들을 모아 다양한 종류의 동아리를 함께 즐기고 소통하며 더 행복한 삶을 살 수 있게 도와주는 서비스 플랫폼입니다.
지친 일상 속에서 우동을 통해 활력을 찾아보시길 바랍니다.
');
INSERT INTO FAQ (TITLE, CONTENT) 
VALUES ('동아리의 추천수 랭킹을 알고 싶어요', '상단 메뉴바에서 동아리 버튼 클릭 후 랭킹 버튼을 누르면 추천 수 상위 10개의 동아리를 확인할 수 있습니다.');

INSERT INTO CLUB (CLUB_NAME, INTRO, AREA_NAME, CONTENT, ID, CLUB_NUM, INTEREST, RECOMMEND) VALUES ('CLUB_NAME 01', 'INTRO 01', 'AREA_NAME 01', 'CONTENT 01', 'ID 01', 01, 'INTEREST 01', 01);
INSERT INTO CLUB (CLUB_NAME, INTRO, AREA_NAME, CONTENT, ID, CLUB_NUM, INTEREST, RECOMMEND) VALUES ('CLUB_NAME 02', 'INTRO 02', 'AREA_NAME 02', 'CONTENT 02', 'ID 02', 02, 'INTEREST 02', 02);
INSERT INTO CLUB (CLUB_NAME, INTRO, AREA_NAME, CONTENT, ID, CLUB_NUM, INTEREST, RECOMMEND) VALUES ('CLUB_NAME 03', 'INTRO 03', 'AREA_NAME 03', 'CONTENT 03', 'ID 03', 03, 'INTEREST 03', 03);
INSERT INTO CLUB (CLUB_NAME, INTRO, AREA_NAME, CONTENT, ID, CLUB_NUM, INTEREST, RECOMMEND) VALUES ('CLUB_NAME 04', 'INTRO 04', 'AREA_NAME 04', 'CONTENT 04', 'ID 04', 04, 'INTEREST 04', 04);
INSERT INTO CLUB (CLUB_NAME, INTRO, AREA_NAME, CONTENT, ID, CLUB_NUM, INTEREST, RECOMMEND) VALUES ('CLUB_NAME 05', 'INTRO 05', 'AREA_NAME 05', 'CONTENT 05', 'ID 05', 05, 'INTEREST 05', 05);
INSERT INTO CLUB (CLUB_NAME, INTRO, AREA_NAME, CONTENT, ID, CLUB_NUM, INTEREST, RECOMMEND) VALUES ('CLUB_NAME 06', 'INTRO 06', 'AREA_NAME 06', 'CONTENT 06', 'ID 06', 06, 'INTEREST 06', 06);
INSERT INTO CLUB (CLUB_NAME, INTRO, AREA_NAME, CONTENT, ID, CLUB_NUM, INTEREST, RECOMMEND) VALUES ('CLUB_NAME 07', 'INTRO 07', 'AREA_NAME 07', 'CONTENT 07', 'ID 07', 07, 'INTEREST 07', 07);
INSERT INTO CLUB (CLUB_NAME, INTRO, AREA_NAME, CONTENT, ID, CLUB_NUM, INTEREST, RECOMMEND) VALUES ('CLUB_NAME 08', 'INTRO 08', 'AREA_NAME 08', 'CONTENT 08', 'ID 08', 08, 'INTEREST 08', 08);
INSERT INTO CLUB (CLUB_NAME, INTRO, AREA_NAME, CONTENT, ID, CLUB_NUM, INTEREST, RECOMMEND) VALUES ('CLUB_NAME 09', 'INTRO 09', 'AREA_NAME 09', 'CONTENT 09', 'ID 09', 09, 'INTEREST 09', 09);
INSERT INTO CLUB (CLUB_NAME, INTRO, AREA_NAME, CONTENT, ID, CLUB_NUM, INTEREST, RECOMMEND) VALUES ('CLUB_NAME 10', 'INTRO 10', 'AREA_NAME 10', 'CONTENT 10', 'ID 10', 10, 'INTEREST 10', 10);

INSERT INTO MEMBER (ID, AREA_NAME, TEL, PASSWORD, NAME) VALUES ('ID 01', 'AREA_NAME 01', 'TEL 01', 'PASSWORD 01', 'NAME 01');
INSERT INTO MEMBER (ID, AREA_NAME, TEL, PASSWORD, NAME) VALUES ('ID 02', 'AREA_NAME 02', 'TEL 02', 'PASSWORD 02', 'NAME 02');
INSERT INTO MEMBER (ID, AREA_NAME, TEL, PASSWORD, NAME) VALUES ('ID 03', 'AREA_NAME 03', 'TEL 03', 'PASSWORD 03', 'NAME 03');
INSERT INTO MEMBER (ID, AREA_NAME, TEL, PASSWORD, NAME) VALUES ('ID 04', 'AREA_NAME 04', 'TEL 04', 'PASSWORD 04', 'NAME 04');
INSERT INTO MEMBER (ID, AREA_NAME, TEL, PASSWORD, NAME) VALUES ('ID 05', 'AREA_NAME 05', 'TEL 05', 'PASSWORD 05', 'NAME 05');
INSERT INTO MEMBER (ID, AREA_NAME, TEL, PASSWORD, NAME) VALUES ('ID 06', 'AREA_NAME 06', 'TEL 06', 'PASSWORD 06', 'NAME 06');
INSERT INTO MEMBER (ID, AREA_NAME, TEL, PASSWORD, NAME) VALUES ('ID 07', 'AREA_NAME 07', 'TEL 07', 'PASSWORD 07', 'NAME 07');
INSERT INTO MEMBER (ID, AREA_NAME, TEL, PASSWORD, NAME) VALUES ('ID 08', 'AREA_NAME 08', 'TEL 08', 'PASSWORD 08', 'NAME 08');
INSERT INTO MEMBER (ID, AREA_NAME, TEL, PASSWORD, NAME) VALUES ('ID 09', 'AREA_NAME 09', 'TEL 09', 'PASSWORD 09', 'NAME 09');
INSERT INTO MEMBER (ID, AREA_NAME, TEL, PASSWORD, NAME) VALUES ('ID 10', 'AREA_NAME 10', 'TEL 10', 'PASSWORD 10', 'NAME 10');

INSERT INTO BOARD (CATEGORY, TIME, TITLE, CONTENT, ID) VALUES ('CATEGORY 01', NOW(), 'TITLE 01', 'CONTENT 01', 'ID 01');
INSERT INTO BOARD (CATEGORY, TIME, TITLE, CONTENT, ID) VALUES ('CATEGORY 02', NOW(), 'TITLE 02', 'CONTENT 02', 'ID 02');
INSERT INTO BOARD (CATEGORY, TIME, TITLE, CONTENT, ID) VALUES ('CATEGORY 03', NOW(), 'TITLE 03', 'CONTENT 03', 'ID 03');
INSERT INTO BOARD (CATEGORY, TIME, TITLE, CONTENT, ID) VALUES ('CATEGORY 04', NOW(), 'TITLE 04', 'CONTENT 04', 'ID 04');
INSERT INTO BOARD (CATEGORY, TIME, TITLE, CONTENT, ID) VALUES ('CATEGORY 05', NOW(), 'TITLE 05', 'CONTENT 05', 'ID 05');
INSERT INTO BOARD (CATEGORY, TIME, TITLE, CONTENT, ID) VALUES ('CATEGORY 06', NOW(), 'TITLE 06', 'CONTENT 06', 'ID 06');
INSERT INTO BOARD (CATEGORY, TIME, TITLE, CONTENT, ID) VALUES ('CATEGORY 07', NOW(), 'TITLE 07', 'CONTENT 07', 'ID 07');
INSERT INTO BOARD (CATEGORY, TIME, TITLE, CONTENT, ID) VALUES ('CATEGORY 08', NOW(), 'TITLE 08', 'CONTENT 08', 'ID 08');
INSERT INTO BOARD (CATEGORY, TIME, TITLE, CONTENT, ID) VALUES ('CATEGORY 09', NOW(), 'TITLE 09', 'CONTENT 09', 'ID 09');
INSERT INTO BOARD (CATEGORY, TIME, TITLE, CONTENT, ID) VALUES ('CATEGORY 10', NOW(), 'TITLE 10', 'CONTENT 10', 'ID 10');

INSERT INTO CLUB_MEMBER (CLUB_NUM, ID) VALUES (01, 'ID 01');
INSERT INTO CLUB_MEMBER (CLUB_NUM, ID) VALUES (02, 'ID 02');
INSERT INTO CLUB_MEMBER (CLUB_NUM, ID) VALUES (03, 'ID 03');
INSERT INTO CLUB_MEMBER (CLUB_NUM, ID) VALUES (04, 'ID 04');
INSERT INTO CLUB_MEMBER (CLUB_NUM, ID) VALUES (05, 'ID 05');
INSERT INTO CLUB_MEMBER (CLUB_NUM, ID) VALUES (06, 'ID 06');
INSERT INTO CLUB_MEMBER (CLUB_NUM, ID) VALUES (07, 'ID 07');
INSERT INTO CLUB_MEMBER (CLUB_NUM, ID) VALUES (08, 'ID 08');
INSERT INTO CLUB_MEMBER (CLUB_NUM, ID) VALUES (09, 'ID 09');
INSERT INTO CLUB_MEMBER (CLUB_NUM, ID) VALUES (10, 'ID 10');

INSERT INTO QNA (TIME, TITLE, ID, CONTENT, EMAIL) VALUES (NOW(), '질문을 했는데 답변이 없습니다.', 'hjdjl7', '질문한지 1년이 지났는데 답이 없습니다. ', 'hjdjl7@naver.com');
INSERT INTO QNA (TIME, TITLE, ID, CONTENT, EMAIL) VALUES (NOW(), '랭킹 1위 동아리 상금 있나요?', 'joojoo', '랭킹 1위 동아리에 선정되었는데 상금은 없나요?', 'joojoo@gmail.com');
INSERT INTO QNA (TIME, TITLE, ID, CONTENT, EMAIL) VALUES (NOW(), '랭킹 꼴찌 동아리 후원금 있나요?', 'chadoli', '랭킹 꼴찌에 당첨되었는데 후원금 없슘니까', 'chadoli@naver.com');
INSERT INTO QNA (TIME, TITLE, ID, CONTENT, EMAIL) VALUES (NOW(), '웹 개발자가 누군가요?', 'hyunjoo', '웹 사이트 잘만드셨군요', 'hyunjoo@gmail.com');
INSERT INTO QNA (TIME, TITLE, ID, CONTENT, EMAIL) VALUES (NOW(), '웹사이트가 깰끔한가요?', 'gondue', '아주 깔끔합니당', 'gondue@naver.com');
INSERT INTO QNA (TIME, TITLE, ID, CONTENT, EMAIL) VALUES (NOW(), '마이페이지를 찾을 수 없습니다.', 'jjang', '만들지 않았기 때문이죠', 'jjang@gmail.com');
INSERT INTO QNA (TIME, TITLE, ID, CONTENT, EMAIL) VALUES (NOW(), '이현주가 누구인가요?', 'zaza', '접니다요', 'zaza@naver.com');
INSERT INTO QNA (TIME, TITLE, ID, CONTENT, EMAIL) VALUES (NOW(), '아이 해브 어 퀘스쳔', 'zago5', 'i have a question', 'zago@naver.com');
INSERT INTO QNA (TIME, TITLE, ID, CONTENT, EMAIL) VALUES (NOW(), '동아리 개설 어떻게 하나요?', 'sipo555', '동아리 개설 페이지를 찾을 수 없는 데 어디있나요?', 'sipo555@gmail.com');
INSERT INTO QNA (TIME, TITLE, ID, CONTENT, EMAIL) VALUES (NOW(), '질문 있슘다.', 'sleepy22', '제가 바로 질문이 있다구요!', 'sleepy22@naver.com');

INSERT INTO CATEGORY (NUM, NAME) VALUES (01, 'NAME 01');
INSERT INTO CATEGORY (NUM, NAME) VALUES (02, 'NAME 02');
INSERT INTO CATEGORY (NUM, NAME) VALUES (03, 'NAME 03');
INSERT INTO CATEGORY (NUM, NAME) VALUES (04, 'NAME 04');
INSERT INTO CATEGORY (NUM, NAME) VALUES (05, 'NAME 05');
INSERT INTO CATEGORY (NUM, NAME) VALUES (06, 'NAME 06');
INSERT INTO CATEGORY (NUM, NAME) VALUES (07, 'NAME 07');
INSERT INTO CATEGORY (NUM, NAME) VALUES (08, 'NAME 08');
INSERT INTO CATEGORY (NUM, NAME) VALUES (09, 'NAME 09');
INSERT INTO CATEGORY (NUM, NAME) VALUES (10, 'NAME 10');