INSERT INTO MEMBER (ID, AREA_NAME, TEL, PASSWORD, NAME) VALUES ('ID 01', 'AREA_NAME 01', 'TEL 01', 'PASSWORD 01', 'NAME 01');
INSERT INTO MEMBER (ID, AREA_NAME, TEL, PASSWORD, NAME) VALUES ('ID 02', 'AREA_NAME 02', 'TEL 02', 'PASSWORD 02', 'NAME 02');
INSERT INTO MEMBER (ID, AREA_NAME, TEL, PASSWORD, NAME) VALUES ('ID 03', 'AREA_NAME 03', 'TEL 03', 'PASSWORD 03', 'NAME 03');
INSERT INTO MEMBER (ID, AREA_NAME, TEL, PASSWORD, NAME) VALUES ('ID 04', 'AREA_NAME 04', 'TEL 04', 'PASSWORD 04', 'NAME 04');
INSERT INTO MEMBER (ID, AREA_NAME, TEL, PASSWORD, NAME) VALUES ('ID 05', 'AREA_NAME 05', 'TEL 05', 'PASSWORD 05', 'NAME 05');
INSERT INTO MEMBER (ID, AREA_NAME, TEL, PASSWORD, NAME) VALUES ('ID 06', 'AREA_NAME 06', 'TEL 06', 'PASSWORD 06', 'NAME 06');
INSERT INTO MEMBER (ID, AREA_NAME, TEL, PASSWORD, NAME) VALUES ('ID 07', 'AREA_NAME 07', 'TEL 07', 'PASSWORD 07', 'NAME 07');
INSERT INTO MEMBER (ID, AREA_NAME, TEL, PASSWORD, NAME) VALUES ('ID 08', 'AREA_NAME 08', 'TEL 08', 'PASSWORD 08', 'NAME 08');
INSERT INTO MEMBER (ID, AREA_NAME, TEL, PASSWORD, NAME) VALUES ('ID 09', 'AREA_NAME 09', 'TEL 09', 'PASSWORD 09', 'NAME 09');
INSERT INTO MEMBER (ID, AREA_NAME, TEL, PASSWORD, NAME) VALUES ('ID 10', 'AREA_NAME 10', 'TEL 10', 'PASSWORD 10', 'NAME 10');

INSERT INTO CLUB (CLUB_NAME, INTRO, AREA_NAME, CONTENT, ID, CLUB_NUM, INTEREST, RECOMMEND) VALUES ('CLUB_NAME 01', 'INTRO 01', 'AREA_NAME 01', 'CONTENT 01', 'ID 01', 01, 'INTEREST 01', 01);
INSERT INTO CLUB (CLUB_NAME, INTRO, AREA_NAME, CONTENT, ID, CLUB_NUM, INTEREST, RECOMMEND) VALUES ('CLUB_NAME 02', 'INTRO 02', 'AREA_NAME 02', 'CONTENT 02', 'ID 02', 02, 'INTEREST 02', 02);
INSERT INTO CLUB (CLUB_NAME, INTRO, AREA_NAME, CONTENT, ID, CLUB_NUM, INTEREST, RECOMMEND) VALUES ('CLUB_NAME 03', 'INTRO 03', 'AREA_NAME 03', 'CONTENT 03', 'ID 03', 03, 'INTEREST 03', 03);
INSERT INTO CLUB (CLUB_NAME, INTRO, AREA_NAME, CONTENT, ID, CLUB_NUM, INTEREST, RECOMMEND) VALUES ('CLUB_NAME 04', 'INTRO 04', 'AREA_NAME 04', 'CONTENT 04', 'ID 04', 04, 'INTEREST 04', 04);
INSERT INTO CLUB (CLUB_NAME, INTRO, AREA_NAME, CONTENT, ID, CLUB_NUM, INTEREST, RECOMMEND) VALUES ('CLUB_NAME 05', 'INTRO 05', 'AREA_NAME 05', 'CONTENT 05', 'ID 05', 05, 'INTEREST 05', 05);
INSERT INTO CLUB (CLUB_NAME, INTRO, AREA_NAME, CONTENT, ID, CLUB_NUM, INTEREST, RECOMMEND) VALUES ('CLUB_NAME 06', 'INTRO 06', 'AREA_NAME 06', 'CONTENT 06', 'ID 06', 06, 'INTEREST 06', 06);
INSERT INTO CLUB (CLUB_NAME, INTRO, AREA_NAME, CONTENT, ID, CLUB_NUM, INTEREST, RECOMMEND) VALUES ('CLUB_NAME 07', 'INTRO 07', 'AREA_NAME 07', 'CONTENT 07', 'ID 07', 07, 'INTEREST 07', 07);
INSERT INTO CLUB (CLUB_NAME, INTRO, AREA_NAME, CONTENT, ID, CLUB_NUM, INTEREST, RECOMMEND) VALUES ('CLUB_NAME 08', 'INTRO 08', 'AREA_NAME 08', 'CONTENT 08', 'ID 08', 08, 'INTEREST 08', 08);
INSERT INTO CLUB (CLUB_NAME, INTRO, AREA_NAME, CONTENT, ID, CLUB_NUM, INTEREST, RECOMMEND) VALUES ('CLUB_NAME 09', 'INTRO 09', 'AREA_NAME 09', 'CONTENT 09', 'ID 09', 09, 'INTEREST 09', 09);
INSERT INTO CLUB (CLUB_NAME, INTRO, AREA_NAME, CONTENT, ID, CLUB_NUM, INTEREST, RECOMMEND) VALUES ('CLUB_NAME 10', 'INTRO 10', 'AREA_NAME 10', 'CONTENT 10', 'ID 10', 10, 'INTEREST 10', 10);

-- INSERT INTO BOARD (CATEGORY, TIME, TITLE, CONTENT, ID) VALUES ('CATEGORY 01', NOW(), 'TITLE 01', 'CONTENT 01', 'ID 01');
-- INSERT INTO BOARD (CATEGORY, TIME, TITLE, CONTENT, ID) VALUES ('CATEGORY 02', NOW(), 'TITLE 02', 'CONTENT 02', 'ID 02');
-- INSERT INTO BOARD (CATEGORY, TIME, TITLE, CONTENT, ID) VALUES ('CATEGORY 03', NOW(), 'TITLE 03', 'CONTENT 03', 'ID 03');
-- INSERT INTO BOARD (CATEGORY, TIME, TITLE, CONTENT, ID) VALUES ('CATEGORY 04', NOW(), 'TITLE 04', 'CONTENT 04', 'ID 04');
-- INSERT INTO BOARD (CATEGORY, TIME, TITLE, CONTENT, ID) VALUES ('CATEGORY 05', NOW(), 'TITLE 05', 'CONTENT 05', 'ID 05');
-- INSERT INTO BOARD (CATEGORY, TIME, TITLE, CONTENT, ID) VALUES ('CATEGORY 06', NOW(), 'TITLE 06', 'CONTENT 06', 'ID 06');
-- INSERT INTO BOARD (CATEGORY, TIME, TITLE, CONTENT, ID) VALUES ('CATEGORY 07', NOW(), 'TITLE 07', 'CONTENT 07', 'ID 07');
-- INSERT INTO BOARD (CATEGORY, TIME, TITLE, CONTENT, ID) VALUES ('CATEGORY 08', NOW(), 'TITLE 08', 'CONTENT 08', 'ID 08');
-- INSERT INTO BOARD (CATEGORY, TIME, TITLE, CONTENT, ID) VALUES ('CATEGORY 09', NOW(), 'TITLE 09', 'CONTENT 09', 'ID 09');
-- INSERT INTO BOARD (CATEGORY, TIME, TITLE, CONTENT, ID) VALUES ('CATEGORY 10', NOW(), 'TITLE 10', 'CONTENT 10', 'ID 10');

INSERT INTO BOARD (POSTNUM, CATEGORY, TIME, TITLE, CONTENT, ID) VALUES (01, 'CATEGORY 01', NOW(), 'TITLE 01', 'CONTENT 01', 'ID 01');
-- INSERT INTO BOARD (POSTNUM, CATEGORY, TIME, TITLE, CONTENT, ID) VALUES (02, 'CATEGORY 02', NOW(), 'TITLE 02', 'CONTENT 02', 'ID 02');
-- INSERT INTO BOARD (POSTNUM, CATEGORY, TIME, TITLE, CONTENT, ID) VALUES (03, 'CATEGORY 03', NOW(), 'TITLE 03', 'CONTENT 03', 'ID 03');
-- INSERT INTO BOARD (POSTNUM, CATEGORY, TIME, TITLE, CONTENT, ID) VALUES (04, 'CATEGORY 04', NOW(), 'TITLE 04', 'CONTENT 04', 'ID 04');
-- INSERT INTO BOARD (POSTNUM, CATEGORY, TIME, TITLE, CONTENT, ID) VALUES (05, 'CATEGORY 05', NOW(), 'TITLE 05', 'CONTENT 05', 'ID 05');
-- INSERT INTO BOARD (POSTNUM, CATEGORY, TIME, TITLE, CONTENT, ID) VALUES (06, 'CATEGORY 06', NOW(), 'TITLE 06', 'CONTENT 06', 'ID 06');
-- INSERT INTO BOARD (POSTNUM, CATEGORY, TIME, TITLE, CONTENT, ID) VALUES (07, 'CATEGORY 07', NOW(), 'TITLE 07', 'CONTENT 07', 'ID 07');
-- INSERT INTO BOARD (POSTNUM, CATEGORY, TIME, TITLE, CONTENT, ID) VALUES (08, 'CATEGORY 08', NOW(), 'TITLE 08', 'CONTENT 08', 'ID 08');
-- INSERT INTO BOARD (POSTNUM, CATEGORY, TIME, TITLE, CONTENT, ID) VALUES (09, 'CATEGORY 09', NOW(), 'TITLE 09', 'CONTENT 09', 'ID 09');
-- INSERT INTO BOARD (POSTNUM, CATEGORY, TIME, TITLE, CONTENT, ID) VALUES (10, 'CATEGORY 10', NOW(), 'TITLE 10', 'CONTENT 10', 'ID 10');

INSERT INTO AREA (AREA_NUM, AREA_NAME) VALUES ('AREA_NUM 01', 'AREA_NAME 01');
INSERT INTO AREA (AREA_NUM, AREA_NAME) VALUES ('AREA_NUM 02', 'AREA_NAME 02');
INSERT INTO AREA (AREA_NUM, AREA_NAME) VALUES ('AREA_NUM 03', 'AREA_NAME 03');
INSERT INTO AREA (AREA_NUM, AREA_NAME) VALUES ('AREA_NUM 04', 'AREA_NAME 04');
INSERT INTO AREA (AREA_NUM, AREA_NAME) VALUES ('AREA_NUM 05', 'AREA_NAME 05');
INSERT INTO AREA (AREA_NUM, AREA_NAME) VALUES ('AREA_NUM 06', 'AREA_NAME 06');
INSERT INTO AREA (AREA_NUM, AREA_NAME) VALUES ('AREA_NUM 07', 'AREA_NAME 07');
INSERT INTO AREA (AREA_NUM, AREA_NAME) VALUES ('AREA_NUM 08', 'AREA_NAME 08');
INSERT INTO AREA (AREA_NUM, AREA_NAME) VALUES ('AREA_NUM 09', 'AREA_NAME 09');
INSERT INTO AREA (AREA_NUM, AREA_NAME) VALUES ('AREA_NUM 10', 'AREA_NAME 10');

INSERT INTO INTEREST_CATEGORY (NUM, NAME) VALUES (01, 'NAME 01');
INSERT INTO INTEREST_CATEGORY (NUM, NAME) VALUES (02, 'NAME 02');
INSERT INTO INTEREST_CATEGORY (NUM, NAME) VALUES (03, 'NAME 03');
INSERT INTO INTEREST_CATEGORY (NUM, NAME) VALUES (04, 'NAME 04');
INSERT INTO INTEREST_CATEGORY (NUM, NAME) VALUES (05, 'NAME 05');
INSERT INTO INTEREST_CATEGORY (NUM, NAME) VALUES (06, 'NAME 06');
INSERT INTO INTEREST_CATEGORY (NUM, NAME) VALUES (07, 'NAME 07');
INSERT INTO INTEREST_CATEGORY (NUM, NAME) VALUES (08, 'NAME 08');
INSERT INTO INTEREST_CATEGORY (NUM, NAME) VALUES (09, 'NAME 09');
INSERT INTO INTEREST_CATEGORY (NUM, NAME) VALUES (10, 'NAME 10');

-- INSERT INTO MEMBER_INTEREST (ID, NAME) VALUES ('ID 01', 'NAME 01');
-- INSERT INTO MEMBER_INTEREST (ID, NAME) VALUES ('ID 02', 'NAME 02');
-- INSERT INTO MEMBER_INTEREST (ID, NAME) VALUES ('ID 03', 'NAME 03');
-- INSERT INTO MEMBER_INTEREST (ID, NAME) VALUES ('ID 04', 'NAME 04');
-- INSERT INTO MEMBER_INTEREST (ID, NAME) VALUES ('ID 05', 'NAME 05');
-- INSERT INTO MEMBER_INTEREST (ID, NAME) VALUES ('ID 06', 'NAME 06');
-- INSERT INTO MEMBER_INTEREST (ID, NAME) VALUES ('ID 07', 'NAME 07');
-- INSERT INTO MEMBER_INTEREST (ID, NAME) VALUES ('ID 08', 'NAME 08');
-- INSERT INTO MEMBER_INTEREST (ID, NAME) VALUES ('ID 09', 'NAME 09');
-- INSERT INTO MEMBER_INTEREST (ID, NAME) VALUES ('ID 10', 'NAME 10');

-- INSERT INTO CLUB_MEMBER (ID) VALUES ('ID 01');
-- INSERT INTO CLUB_MEMBER (ID) VALUES ('ID 02');
-- INSERT INTO CLUB_MEMBER (ID) VALUES ('ID 03');
-- INSERT INTO CLUB_MEMBER (ID) VALUES ('ID 04');
-- INSERT INTO CLUB_MEMBER (ID) VALUES ('ID 05');

-- INSERT INTO CLUB_MEMBER (CLUB_NUM, ID) VALUES (01, 'ID 01');
--INSERT INTO CLUB_MEMBER (CLUB_NUM, ID) VALUES (02, 'ID 02');
-- INSERT INTO CLUB_MEMBER (CLUB_NUM, ID) VALUES (03, 'ID 03');
-- INSERT INTO CLUB_MEMBER (CLUB_NUM, ID) VALUES (04, 'ID 04');
-- INSERT INTO CLUB_MEMBER (CLUB_NUM, ID) VALUES (05, 'ID 05');


-- INSERT INTO QNA (TIME, TITLE, ID, CONTENT, EMAIL) VALUES (NOW(), 'TITLE 01', 'ID 01', 'CONTENT 01', 'EMAIL 01');
-- INSERT INTO QNA (TIME, TITLE, ID, CONTENT, EMAIL) VALUES (NOW(), 'TITLE 02', 'ID 02', 'CONTENT 02', 'EMAIL 02');
-- INSERT INTO QNA (TIME, TITLE, ID, CONTENT, EMAIL) VALUES (NOW(), 'TITLE 03', 'ID 03', 'CONTENT 03', 'EMAIL 03');
-- INSERT INTO QNA (TIME, TITLE, ID, CONTENT, EMAIL) VALUES (NOW(), 'TITLE 04', 'ID 04', 'CONTENT 04', 'EMAIL 04');
-- INSERT INTO QNA (TIME, TITLE, ID, CONTENT, EMAIL) VALUES (NOW(), 'TITLE 05', 'ID 05', 'CONTENT 05', 'EMAIL 05');
-- INSERT INTO QNA (TIME, TITLE, ID, CONTENT, EMAIL) VALUES (NOW(), 'TITLE 06', 'ID 06', 'CONTENT 06', 'EMAIL 06');
-- INSERT INTO QNA (TIME, TITLE, ID, CONTENT, EMAIL) VALUES (NOW(), 'TITLE 07', 'ID 07', 'CONTENT 07', 'EMAIL 07');
-- INSERT INTO QNA (TIME, TITLE, ID, CONTENT, EMAIL) VALUES (NOW(), 'TITLE 08', 'ID 08', 'CONTENT 08', 'EMAIL 08');
-- INSERT INTO QNA (TIME, TITLE, ID, CONTENT, EMAIL) VALUES (NOW(), 'TITLE 09', 'ID 09', 'CONTENT 09', 'EMAIL 09');
-- INSERT INTO QNA (TIME, TITLE, ID, CONTENT, EMAIL) VALUES (NOW(), 'TITLE 10', 'ID 10', 'CONTENT 10', 'EMAIL 10');

INSERT INTO QNA (NUM, TIME, TITLE, ID, CONTENT, EMAIL) VALUES (01, NOW(), 'TITLE 01', 'ID 01', 'CONTENT 01', 'EMAIL 01');
-- INSERT INTO QNA (NUM, TIME, TITLE, ID, CONTENT, EMAIL) VALUES (02, NOW(), 'TITLE 02', 'ID 02', 'CONTENT 02', 'EMAIL 02');
-- INSERT INTO QNA (NUM, TIME, TITLE, ID, CONTENT, EMAIL) VALUES (03, NOW(), 'TITLE 03', 'ID 03', 'CONTENT 03', 'EMAIL 03');
-- INSERT INTO QNA (NUM, TIME, TITLE, ID, CONTENT, EMAIL) VALUES (04, NOW(), 'TITLE 04', 'ID 04', 'CONTENT 04', 'EMAIL 04');
-- INSERT INTO QNA (NUM, TIME, TITLE, ID, CONTENT, EMAIL) VALUES (05, NOW(), 'TITLE 05', 'ID 05', 'CONTENT 05', 'EMAIL 05');
-- INSERT INTO QNA (NUM, TIME, TITLE, ID, CONTENT, EMAIL) VALUES (06, NOW(), 'TITLE 06', 'ID 06', 'CONTENT 06', 'EMAIL 06');
-- INSERT INTO QNA (NUM, TIME, TITLE, ID, CONTENT, EMAIL) VALUES (07, NOW(), 'TITLE 07', 'ID 07', 'CONTENT 07', 'EMAIL 07');
-- INSERT INTO QNA (NUM, TIME, TITLE, ID, CONTENT, EMAIL) VALUES (08, NOW(), 'TITLE 08', 'ID 08', 'CONTENT 08', 'EMAIL 08');
-- INSERT INTO QNA (NUM, TIME, TITLE, ID, CONTENT, EMAIL) VALUES (09, NOW(), 'TITLE 09', 'ID 09', 'CONTENT 09', 'EMAIL 09');
-- INSERT INTO QNA (NUM, TIME, TITLE, ID, CONTENT, EMAIL) VALUES (10, NOW(), 'TITLE 10', 'ID 10', 'CONTENT 10', 'EMAIL 10');

-- INSERT INTO CATEGORY (NAME) VALUES ('NAME 01');
-- INSERT INTO CATEGORY (NAME) VALUES ('NAME 02');
-- INSERT INTO CATEGORY (NAME) VALUES ('NAME 03');
-- INSERT INTO CATEGORY (NAME) VALUES ('NAME 04');
-- INSERT INTO CATEGORY (NAME) VALUES ('NAME 05');
-- INSERT INTO CATEGORY (NAME) VALUES ('NAME 06');
-- INSERT INTO CATEGORY (NAME) VALUES ('NAME 07');
-- INSERT INTO CATEGORY (NAME) VALUES ('NAME 08');
-- INSERT INTO CATEGORY (NAME) VALUES ('NAME 09');
-- INSERT INTO CATEGORY (NAME) VALUES ('NAME 10');

INSERT INTO CATEGORY (NUM, NAME) VALUES (01, 'NAME 01');
-- INSERT INTO CATEGORY (NUM, NAME) VALUES (02, 'NAME 02');
-- INSERT INTO CATEGORY (NUM, NAME) VALUES (03, 'NAME 03');
-- INSERT INTO CATEGORY (NUM, NAME) VALUES (04, 'NAME 04');
-- INSERT INTO CATEGORY (NUM, NAME) VALUES (05, 'NAME 05');
-- INSERT INTO CATEGORY (NUM, NAME) VALUES (06, 'NAME 06');
-- INSERT INTO CATEGORY (NUM, NAME) VALUES (07, 'NAME 07');
-- INSERT INTO CATEGORY (NUM, NAME) VALUES (08, 'NAME 08');
-- INSERT INTO CATEGORY (NUM, NAME) VALUES (09, 'NAME 09');
-- INSERT INTO CATEGORY (NUM, NAME) VALUES (10, 'NAME 10');

INSERT INTO FAQ (TITLE, CONTENT) VALUES ('TITLE 1', 'CONTENT 1');
INSERT INTO FAQ (TITLE, CONTENT) VALUES ('TITLE 2', 'CONTENT 2');
INSERT INTO FAQ (TITLE, CONTENT) VALUES ('TITLE 3', 'CONTENT 3');
INSERT INTO FAQ (TITLE, CONTENT) VALUES ('TITLE 4', 'CONTENT 4');
